中文文件名,位置,Session,资料类别,原始文件名,资料页面,PDF 直链,SHA256
第01讲 向量.pdf,第01讲 向量.pdf,1,精选讲义,38223d6ec70b12de9d01446438100b9d_MIT18_02SC_notes_0.pdf,https://ocw.mit.edu/courses/18-02sc-multivariable-calculus-fall-2010/resources/mit18_02sc_notes_0/,https://ocw.mit.edu/courses/18-02sc-multivariable-calculus-fall-2010/38223d6ec70b12de9d01446438100b9d_MIT18_02SC_notes_0.pdf,dcd73020f841d528a44c0abf1bf796c62cff41b514dc2bb162c26f891c9582e1
第06讲 空间中的体积与行列式.pdf,第06讲 空间中的体积与行列式.pdf,6,精选讲义,317eb93dbd9e833fbe51dfc6b2d3e034_MIT18_02SC_MNotes_d2.pdf,https://ocw.mit.edu/courses/18-02sc-multivariable-calculus-fall-2010/resources/mit18_02sc_mnotes_d2/,https://ocw.mit.edu/courses/18-02sc-multivariable-calculus-fall-2010/317eb93dbd9e833fbe51dfc6b2d3e034_MIT18_02SC_MNotes_d2.pdf,073ff84b06f0de20b394638ef636c8a7ba17bc73c5614d9e75d59f38173a781f
第13讲 线性方程组与平面.pdf,第13讲 线性方程组与平面.pdf,13,精选讲义,b75b75a77749292f4bb34d709e91379d_MIT18_02SC_notes_7.pdf,https://ocw.mit.edu/courses/18-02sc-multivariable-calculus-fall-2010/resources/mit18_02sc_notes_7/,https://ocw.mit.edu/courses/18-02sc-multivariable-calculus-fall-2010/b75b75a77749292f4bb34d709e91379d_MIT18_02SC_notes_7.pdf,a641cd48fce1c4bb5dffa91e1c02ea992612186f4df26fbadae6ef7502590f5f
第14讲 方阵方程组的解.pdf,第14讲 方阵方程组的解.pdf,14,精选讲义,ae721c48ce741018e1a3c2aefb6a8640_MIT18_02SC_MNotes_m3.pdf,https://ocw.mit.edu/courses/18-02sc-multivariable-calculus-fall-2010/resources/mit18_02sc_mnotes_m3/,https://ocw.mit.edu/courses/18-02sc-multivariable-calculus-fall-2010/ae721c48ce741018e1a3c2aefb6a8640_MIT18_02SC_MNotes_m3.pdf,26133326f221f068be92710987388959a2301e6d87f130af8949e2d5902b0c49
第18讲 摆线上的尖点.pdf,第18讲 摆线上的尖点.pdf,18,精选讲义,bca8693ceb5b6b22e5aeadb272a9d9a6_MIT18_02SC_notes_10.pdf,https://ocw.mit.edu/courses/18-02sc-multivariable-calculus-fall-2010/resources/mit18_02sc_notes_10/,https://ocw.mit.edu/courses/18-02sc-multivariable-calculus-fall-2010/bca8693ceb5b6b22e5aeadb272a9d9a6_MIT18_02SC_notes_10.pdf,18b545adfe515344a677936bfcd3542cc887b24ebac3e61417e0c7ff3dbecc1c
第20讲 速度与弧长.pdf,第20讲 速度与弧长.pdf,20,精选讲义,ef470e8dbb5076a408d8af686bce3711_MIT18_02SC_notes_12.pdf,https://ocw.mit.edu/courses/18-02sc-multivariable-calculus-fall-2010/resources/mit18_02sc_notes_12/,https://ocw.mit.edu/courses/18-02sc-multivariable-calculus-fall-2010/ef470e8dbb5076a408d8af686bce3711_MIT18_02SC_notes_12.pdf,ef368be4bad3e14dc0a11b25ae893210f6bca3df71428de7628f41985d2c2901
第21讲 开普勒第二定律.pdf,第21讲 开普勒第二定律.pdf,21,精选讲义,040b72c08d4f0ef67faf085066e1cc71_MIT18_02SC_MNotes_k.pdf,https://ocw.mit.edu/courses/18-02sc-multivariable-calculus-fall-2010/resources/mit18_02sc_mnotes_k/,https://ocw.mit.edu/courses/18-02sc-multivariable-calculus-fall-2010/040b72c08d4f0ef67faf085066e1cc71_MIT18_02SC_MNotes_k.pdf,fe895f0c9bd8f637e9d0fcae05d425b304473978c8e2302112d07bdf11e5a645
第24讲 二元函数图像图集.pdf,第24讲 二元函数图像图集.pdf,24,精选讲义,837e7b105450ed2a79f20ca45c524848_MIT18_02SC_notes_14.pdf,https://ocw.mit.edu/courses/18-02sc-multivariable-calculus-fall-2010/resources/mit18_02sc_notes_14/,https://ocw.mit.edu/courses/18-02sc-multivariable-calculus-fall-2010/837e7b105450ed2a79f20ca45c524848_MIT18_02SC_notes_14.pdf,52a809cd569e2448d4e7cebf7e99c9271038350d238c22e17f69e6486878f435
第24讲 二元函数与图像.pdf,第24讲 二元函数与图像.pdf,24,精选讲义,68e54de412d9ab63d40838c414467472_MIT18_02SC_notes_13.pdf,https://ocw.mit.edu/courses/18-02sc-multivariable-calculus-fall-2010/resources/mit18_02sc_notes_13/,https://ocw.mit.edu/courses/18-02sc-multivariable-calculus-fall-2010/68e54de412d9ab63d40838c414467472_MIT18_02SC_notes_13.pdf,2548b14deb70e492f47e4a4e192c39db36f7d83d01df1e508f1b7a3de0beeccb
第26讲 偏导数.pdf,第26讲 偏导数.pdf,26,精选讲义,3299372c0b77500ada4ea558fea4db80_MIT18_02SC_MNotes_ta1.pdf,https://ocw.mit.edu/courses/18-02sc-multivariable-calculus-fall-2010/resources/mit18_02sc_mnotes_ta1/,https://ocw.mit.edu/courses/18-02sc-multivariable-calculus-fall-2010/3299372c0b77500ada4ea558fea4db80_MIT18_02SC_MNotes_ta1.pdf,133d4b37787f65c75d4215762f28e03f629503ed7456e8b0c8d95655ce088cd9
第29讲 最小二乘法.pdf,第29讲 最小二乘法.pdf,29,精选讲义,788bdb0fcf07fedd1ffe484820d0226a_MIT18_02SC_MNotes_ls.pdf,https://ocw.mit.edu/courses/18-02sc-multivariable-calculus-fall-2010/resources/mit18_02sc_mnotes_ls/,https://ocw.mit.edu/courses/18-02sc-multivariable-calculus-fall-2010/788bdb0fcf07fedd1ffe484820d0226a_MIT18_02SC_MNotes_ls.pdf,03069ca71df9cff9c75532e191fe72d94770371b2ac9d280e36c16405962745d
第30讲 二阶导数判别法.pdf,第30讲 二阶导数判别法.pdf,30,精选讲义,a4685876e286873102a9937e1998a098_MIT18_02SC_MNotes_sd.pdf,https://ocw.mit.edu/courses/18-02sc-multivariable-calculus-fall-2010/resources/mit18_02sc_mnotes_sd/,https://ocw.mit.edu/courses/18-02sc-multivariable-calculus-fall-2010/a4685876e286873102a9937e1998a098_MIT18_02SC_MNotes_sd.pdf,00f8ae561324237c2ac0d14fcf9be4f9e9b67192d08fd88eca6f41b6a2b318f7
第36讲 梯度垂直于等值线与曲面的证明.pdf,第36讲 梯度垂直于等值线与曲面的证明.pdf,36,精选讲义,85c1d85363d9808505351b571d2750aa_MIT18_02SC_notes_19.pdf,https://ocw.mit.edu/courses/18-02sc-multivariable-calculus-fall-2010/resources/mit18_02sc_notes_19/,https://ocw.mit.edu/courses/18-02sc-multivariable-calculus-fall-2010/85c1d85363d9808505351b571d2750aa_MIT18_02SC_notes_19.pdf,48534e7324f8ab9032dc65f429c35f6103c0d14215a8ead054db0778a0ceb591
第40讲 拉格朗日乘数法的证明.pdf,第40讲 拉格朗日乘数法的证明.pdf,40,精选讲义,ebbeb8e61827a8058d2c45b674d003b3_MIT18_02SC_notes_22.pdf,https://ocw.mit.edu/courses/18-02sc-multivariable-calculus-fall-2010/resources/mit18_02sc_notes_22/,https://ocw.mit.edu/courses/18-02sc-multivariable-calculus-fall-2010/ebbeb8e61827a8058d2c45b674d003b3_MIT18_02SC_notes_22.pdf,775b5b0a2977bad7a00bfdae6c5774e8cc8498db81c374dcb9c9e7a61bb2da68
第48讲 直角坐标下的重积分极限.pdf,第48讲 直角坐标下的重积分极限.pdf,48,精选讲义,00ca45ccb749ea1c0a42b733eb8eb9bf_MIT18_02SC_MNotes_i1.pdf,https://ocw.mit.edu/courses/18-02sc-multivariable-calculus-fall-2010/resources/mit18_02sc_mnotes_i1/,https://ocw.mit.edu/courses/18-02sc-multivariable-calculus-fall-2010/00ca45ccb749ea1c0a42b733eb8eb9bf_MIT18_02SC_MNotes_i1.pdf,d76c9e0fdb3380bd459b1b4669c89ad0008956f20bf605359262d6fb0c7fd0c1
第54讲 极坐标换元示例.pdf,第54讲 极坐标换元示例.pdf,54,精选讲义,78a094df09c1690c6751d789acb0432a_MIT18_02SC_MNotes_cv2.pdf,https://ocw.mit.edu/courses/18-02sc-multivariable-calculus-fall-2010/resources/mit18_02sc_mnotes_cv2/,https://ocw.mit.edu/courses/18-02sc-multivariable-calculus-fall-2010/78a094df09c1690c6751d789acb0432a_MIT18_02SC_MNotes_cv2.pdf,641805e722b58ecaa2706ded92b026b0f0696381461347b7c8a68d6e99db9cf6
第58讲 线积分的几何方法.pdf,第58讲 线积分的几何方法.pdf,58,精选讲义,54d807cf0965f7399fdd93f732e0c109_MIT18_02SC_notes_28.pdf,https://ocw.mit.edu/courses/18-02sc-multivariable-calculus-fall-2010/resources/mit18_02sc_notes_28/,https://ocw.mit.edu/courses/18-02sc-multivariable-calculus-fall-2010/54d807cf0965f7399fdd93f732e0c109_MIT18_02SC_notes_28.pdf,f9cdde1432c9146f6b636a0f0f38f00835acd7ea29ea7d8f129e26345c2e7d29
第60讲 线积分基本定理示例.pdf,第60讲 线积分基本定理示例.pdf,60,精选讲义,878cd7a9630352d5d7deb651ee3504c7_MIT18_02SC_notes_29.pdf,https://ocw.mit.edu/courses/18-02sc-multivariable-calculus-fall-2010/resources/mit18_02sc_notes_29/,https://ocw.mit.edu/courses/18-02sc-multivariable-calculus-fall-2010/878cd7a9630352d5d7deb651ee3504c7_MIT18_02SC_notes_29.pdf,05f407479ebace7f1030f552294e414bb87750a371958fb7793a2d26c5efaa91
第64讲 旋度.pdf,第64讲 旋度.pdf,64,精选讲义,03ff53bca18dc4b2ea725a9be4215517_MIT18_02SC_notes_33.pdf,https://ocw.mit.edu/courses/18-02sc-multivariable-calculus-fall-2010/resources/mit18_02sc_notes_33/,https://ocw.mit.edu/courses/18-02sc-multivariable-calculus-fall-2010/03ff53bca18dc4b2ea725a9be4215517_MIT18_02SC_notes_33.pdf,77a13184211f3a7fee7b913f7e93022b2aa1194f2ccd5641731b7fa7518f9197
第65讲 格林定理.pdf,第65讲 格林定理.pdf,65,精选讲义,f6f3d244fdb08732ea8e49ef3dce6e0c_MIT18_02SC_notes_30.pdf,https://ocw.mit.edu/courses/18-02sc-multivariable-calculus-fall-2010/resources/mit18_02sc_notes_30/,https://ocw.mit.edu/courses/18-02sc-multivariable-calculus-fall-2010/f6f3d244fdb08732ea8e49ef3dce6e0c_MIT18_02SC_notes_30.pdf,70a116e590b55e11a229ce379780007d6ea82abf261c4137595e207a966e2e9d
第66讲 旋度为零蕴含保守向量场.pdf,第66讲 旋度为零蕴含保守向量场.pdf,66,精选讲义,b952917b2edd0382f7dd14fe3e0c32fb_MIT18_02SC_notes_31.pdf,https://ocw.mit.edu/courses/18-02sc-multivariable-calculus-fall-2010/resources/mit18_02sc_notes_31/,https://ocw.mit.edu/courses/18-02sc-multivariable-calculus-fall-2010/b952917b2edd0382f7dd14fe3e0c32fb_MIT18_02SC_notes_31.pdf,dfcf9e2663dc76fd7b8f1ee3eeb439b50e5d75c921c5e7f29de9ed2191eff824
第67讲 格林定理的证明概要.pdf,第67讲 格林定理的证明概要.pdf,67,精选讲义,fc757ef1e527abe8ac1154d78b084637_MIT18_02SC_notes_67.pdf,https://ocw.mit.edu/courses/18-02sc-multivariable-calculus-fall-2010/resources/mit18_02sc_notes_67/,https://ocw.mit.edu/courses/18-02sc-multivariable-calculus-fall-2010/fc757ef1e527abe8ac1154d78b084637_MIT18_02SC_notes_67.pdf,2935d02889b4e9222c095ad94642793bcd3cb4149e9c8e838af080a8b397554c
第70讲 格林定理法向量形式示例.pdf,第70讲 格林定理法向量形式示例.pdf,70,精选讲义,ea8e087bdf4408dda425f48d85f02ada_MIT18_02SC_MNotes_v4.1to2.pdf,https://ocw.mit.edu/courses/18-02sc-multivariable-calculus-fall-2010/resources/mit18_02sc_mnotes_v4-1to2/,https://ocw.mit.edu/courses/18-02sc-multivariable-calculus-fall-2010/ea8e087bdf4408dda425f48d85f02ada_MIT18_02SC_MNotes_v4.1to2.pdf,5c879c408b0eac498f90776c583352b09bad67d8ce3677d2bd41a716cf938efa
第72讲 单连通区域与保守向量场.pdf,第72讲 单连通区域与保守向量场.pdf,72,精选讲义,1bc33736db05b99f564ba15fe7174311_MIT18_02SC_MNotes_v5.pdf,https://ocw.mit.edu/courses/18-02sc-multivariable-calculus-fall-2010/resources/mit18_02sc_mnotes_v5/,https://ocw.mit.edu/courses/18-02sc-multivariable-calculus-fall-2010/1bc33736db05b99f564ba15fe7174311_MIT18_02SC_MNotes_v5.pdf,ebdc5530820f12986e04126ca0771fe2c126d4e086f1f6ccb42041a4f5a3e651
第74讲 三重积分、直角坐标与柱坐标.pdf,第74讲 三重积分、直角坐标与柱坐标.pdf,74,精选讲义,1779863f7034386ad02b5f65be3c8b08_MIT18_02SC_MNotes_i3.pdf,https://ocw.mit.edu/courses/18-02sc-multivariable-calculus-fall-2010/resources/mit18_02sc_mnotes_i3/,https://ocw.mit.edu/courses/18-02sc-multivariable-calculus-fall-2010/1779863f7034386ad02b5f65be3c8b08_MIT18_02SC_MNotes_i3.pdf,25e442b7db285462bf3b8587902af45baac349508d10cd6dfa91402fed312987
第76讲 球坐标.pdf,第76讲 球坐标.pdf,76,精选讲义,531bea2b84351ea2732b4815a104cd37_MIT18_02SC_notes_32.pdf,https://ocw.mit.edu/courses/18-02sc-multivariable-calculus-fall-2010/resources/mit18_02sc_notes_32/,https://ocw.mit.edu/courses/18-02sc-multivariable-calculus-fall-2010/531bea2b84351ea2732b4815a104cd37_MIT18_02SC_notes_32.pdf,eb19323b3b2d2f484e4d86369456bacacd700f15792fa5a37b5450cee184a683
第77讲 球坐标下的三重积分.pdf,第77讲 球坐标下的三重积分.pdf,77,精选讲义,ab771b912c2e6220337c3e4ee7243a33_MIT18_02SC_MNotes_cv4.pdf,https://ocw.mit.edu/courses/18-02sc-multivariable-calculus-fall-2010/resources/mit18_02sc_mnotes_cv4/,https://ocw.mit.edu/courses/18-02sc-multivariable-calculus-fall-2010/ab771b912c2e6220337c3e4ee7243a33_MIT18_02SC_MNotes_cv4.pdf,5e4e448d0c479bb577d564357c26ea07c5d68881c96027e3fad2e733d94960ea
第80讲 曲面通量.pdf,第80讲 曲面通量.pdf,80,精选讲义,2c1720a794622fa3dbec65e82e1f2503_MIT18_02SC_MNotes_v9.1.pdf,https://ocw.mit.edu/courses/18-02sc-multivariable-calculus-fall-2010/resources/mit18_02sc_mnotes_v9-1/,https://ocw.mit.edu/courses/18-02sc-multivariable-calculus-fall-2010/2c1720a794622fa3dbec65e82e1f2503_MIT18_02SC_MNotes_v9.1.pdf,5cb9e77a60b02442a07fa5f4d86e2db8ad4b37c5a15f84dd399e1970ada4dd78
第86讲 散度定理的证明.pdf,第86讲 散度定理的证明.pdf,86,精选讲义,33885c2a159aacc124716eb082db7263_MIT18_02SC_MNotes_v10.2.pdf,https://ocw.mit.edu/courses/18-02sc-multivariable-calculus-fall-2010/resources/mit18_02sc_mnotes_v10-2/,https://ocw.mit.edu/courses/18-02sc-multivariable-calculus-fall-2010/33885c2a159aacc124716eb082db7263_MIT18_02SC_MNotes_v10.2.pdf,8906f4f11009b9ad916f8e85dc94fa98a322a1c6989387715387200e98758b4d
第87讲 扩散方程.pdf,第87讲 扩散方程.pdf,87,精选讲义,ff44c3d5eeca06ceb075cdfc2b466f4b_MIT18_02SC_MNotes_p.pdf,https://ocw.mit.edu/courses/18-02sc-multivariable-calculus-fall-2010/resources/mit18_02sc_mnotes_p-1/,https://ocw.mit.edu/courses/18-02sc-multivariable-calculus-fall-2010/ff44c3d5eeca06ceb075cdfc2b466f4b_MIT18_02SC_MNotes_p.pdf,c2baf45d2db5c920b5037cc8e6aaabc26e908046ec28d7f2dbc9a7a867f1bc22
第90讲 三维旋度.pdf,第90讲 三维旋度.pdf,90,精选讲义,a5910abd3b1b31bdb0c26ff1e0185ef2_MIT18_02SC_MNotes_v15.1.pdf,https://ocw.mit.edu/courses/18-02sc-multivariable-calculus-fall-2010/resources/mit18_02sc_mnotes_v15-1/,https://ocw.mit.edu/courses/18-02sc-multivariable-calculus-fall-2010/a5910abd3b1b31bdb0c26ff1e0185ef2_MIT18_02SC_MNotes_v15.1.pdf,86107e9f20b88663591e8fdc8da0d8250518ef588d139e60243b87044ae79a9c
第92讲 斯托克斯定理的证明.pdf,第92讲 斯托克斯定理的证明.pdf,92,精选讲义,41527923bc920dd4aace150f72a87f96_MIT18_02SC_MNotes_v13.3.pdf,https://ocw.mit.edu/courses/18-02sc-multivariable-calculus-fall-2010/resources/mit18_02sc_mnotes_v13-3/,https://ocw.mit.edu/courses/18-02sc-multivariable-calculus-fall-2010/41527923bc920dd4aace150f72a87f96_MIT18_02SC_MNotes_v13.3.pdf,fb27b235b0e696a744e909ed49eedb5155504ad7e3e2859401ab026874b8e27e
第94讲 单连通区域与拓扑.pdf,第94讲 单连通区域与拓扑.pdf,94,精选讲义,f790233ae3e54f463beec68b9f8827ff_MIT18_02SC_MNotes_v14.pdf,https://ocw.mit.edu/courses/18-02sc-multivariable-calculus-fall-2010/resources/mit18_02sc_mnotes_v14/,https://ocw.mit.edu/courses/18-02sc-multivariable-calculus-fall-2010/f790233ae3e54f463beec68b9f8827ff_MIT18_02SC_MNotes_v14.pdf,e9e04efb829759cbc8851411405c96d233f9b4fa2e415bc80886824ccf13e15e
第98讲 麦克斯韦方程组.pdf,第98讲 麦克斯韦方程组.pdf,98,精选讲义,3f371db51e1ee3540e6f0ff50e46d07b_MIT18_02SC_MNotes_v15.2to3.pdf,https://ocw.mit.edu/courses/18-02sc-multivariable-calculus-fall-2010/resources/mit18_02sc_mnotes_v15-2to3/,https://ocw.mit.edu/courses/18-02sc-multivariable-calculus-fall-2010/3f371db51e1ee3540e6f0ff50e46d07b_MIT18_02SC_MNotes_v15.2to3.pdf,e9d83ac70a467dab8f083e917b5ac1d7405b2cce4733dcfef2d1e9b9a2fb1ba2
第01讲 向量 - 力是向量.pdf,Session补充讲义/第01讲 向量 - 力是向量.pdf,1,资源索引补充,d4971e811683f61b5c9b0102131ab9e6_MIT18_02SC_we_3_comb.pdf,https://ocw.mit.edu/courses/18-02sc-multivariable-calculus-fall-2010/resources/mit18_02sc_we_3_comb/,https://ocw.mit.edu/courses/18-02sc-multivariable-calculus-fall-2010/d4971e811683f61b5c9b0102131ab9e6_MIT18_02SC_we_3_comb.pdf,3e4627ce39a856c0b1e61d654e785993113ef6e47b289c664e3b9db64325692c
第01讲 向量 - 向量加法.pdf,Session补充讲义/第01讲 向量 - 向量加法.pdf,1,示例,917c7cf9f5de397a6e66bfe77f1ad5df_MIT18_02SC_we_1_comb.pdf,https://ocw.mit.edu/courses/18-02sc-multivariable-calculus-fall-2010/resources/mit18_02sc_we_1_comb/,https://ocw.mit.edu/courses/18-02sc-multivariable-calculus-fall-2010/917c7cf9f5de397a6e66bfe77f1ad5df_MIT18_02SC_we_1_comb.pdf,2838cb0394a508abe2d8fdb3f9fbc95c1e3e356d2a59add5d4d1247acce856e8
第01讲 向量 - 向量长度.pdf,Session补充讲义/第01讲 向量 - 向量长度.pdf,1,资源索引补充,27c8bc9ad9580f7a4dc626cc08382db6_MIT18_02SC_we_2_comb.pdf,https://ocw.mit.edu/courses/18-02sc-multivariable-calculus-fall-2010/resources/mit18_02sc_we_2_comb/,https://ocw.mit.edu/courses/18-02sc-multivariable-calculus-fall-2010/27c8bc9ad9580f7a4dc626cc08382db6_MIT18_02SC_we_2_comb.pdf,22db21cbe79973012a12cb712a7c293642e5740120e512dbb9084fb72c834daf
第01讲 向量 - 用向量证明.pdf,Session补充讲义/第01讲 向量 - 用向量证明.pdf,1,资源索引补充,8b8209990fd0248b6769e30af8589c7a_MIT18_02SC_we_4_comb.pdf,https://ocw.mit.edu/courses/18-02sc-multivariable-calculus-fall-2010/resources/mit18_02sc_we_4_comb/,https://ocw.mit.edu/courses/18-02sc-multivariable-calculus-fall-2010/8b8209990fd0248b6769e30af8589c7a_MIT18_02SC_we_4_comb.pdf,9e50d1a04354a95f89e50c3840cdca6fe8a1136c8cfa3e058faed7a815185af7
第02讲 点积.pdf,Session补充讲义/第02讲 点积.pdf,2,阅读与示例,6082f2744b609da87e23f3d8feed0565_MIT18_02SC_notes_1.pdf,https://ocw.mit.edu/courses/18-02sc-multivariable-calculus-fall-2010/resources/mit18_02sc_notes_1/,https://ocw.mit.edu/courses/18-02sc-multivariable-calculus-fall-2010/6082f2744b609da87e23f3d8feed0565_MIT18_02SC_notes_1.pdf,988e1a1e92d938eddd7d7310a047d46901f6542fc23674da7227491cbb3fb06f
第03讲 点积的应用 - 长度与角度.pdf,Session补充讲义/第03讲 点积的应用 - 长度与角度.pdf,3,示例,4e51fccb29b2ad412a713bcfe6a52b10_MIT18_02SC_we_5_comb.pdf,https://ocw.mit.edu/courses/18-02sc-multivariable-calculus-fall-2010/resources/mit18_02sc_we_5_comb/,https://ocw.mit.edu/courses/18-02sc-multivariable-calculus-fall-2010/4e51fccb29b2ad412a713bcfe6a52b10_MIT18_02SC_we_5_comb.pdf,11f35cceaac1f2df987fa915afbc89fe5d2c6cca1bdd8808cb22295efd748c6c
第04讲 向量分量 - 分量与投影.pdf,Session补充讲义/第04讲 向量分量 - 分量与投影.pdf,4,阅读与示例,f1b2876cbb4207c972b90eb04ebc861d_MIT18_02SC_notes_2.pdf,https://ocw.mit.edu/courses/18-02sc-multivariable-calculus-fall-2010/resources/mit18_02sc_notes_2/,https://ocw.mit.edu/courses/18-02sc-multivariable-calculus-fall-2010/f1b2876cbb4207c972b90eb04ebc861d_MIT18_02SC_notes_2.pdf,28427fbb8614180fb928886a2b876fb4876555fa2ae8ff408aabc2b05d23a9d2
第05讲 二维面积与行列式 - 面积与行列式.pdf,Session补充讲义/第05讲 二维面积与行列式 - 面积与行列式.pdf,5,示例,14957918d67d27e7833edd92452f1c92_MIT18_02SC_we_6_comb.pdf,https://ocw.mit.edu/courses/18-02sc-multivariable-calculus-fall-2010/resources/mit18_02sc_we_6_comb/,https://ocw.mit.edu/courses/18-02sc-multivariable-calculus-fall-2010/14957918d67d27e7833edd92452f1c92_MIT18_02SC_we_6_comb.pdf,1349c8843abdb154c36a70d35d55d9a1d823890ab25c0e6d89c63ef6cbc7f7d8
第06讲 空间中的体积与行列式 - 行列式计算.pdf,Session补充讲义/第06讲 空间中的体积与行列式 - 行列式计算.pdf,6,阅读与示例,f8f90e68ad5ec1db6be2a179b3f9bc7b_MIT18_02SC_MNotes_d1.pdf,https://ocw.mit.edu/courses/18-02sc-multivariable-calculus-fall-2010/resources/mit18_02sc_mnotes_d1/,https://ocw.mit.edu/courses/18-02sc-multivariable-calculus-fall-2010/f8f90e68ad5ec1db6be2a179b3f9bc7b_MIT18_02SC_MNotes_d1.pdf,8ddf092163ed66578294ddd6f4566bb6aaa4421deeffd4c1008cd75c029ab9db
第07讲 叉积.pdf,Session补充讲义/第07讲 叉积.pdf,7,阅读与示例,38b6892f5294ed562cf3dedaf5b99ba4_MIT18_02SC_notes_3.pdf,https://ocw.mit.edu/courses/18-02sc-multivariable-calculus-fall-2010/resources/mit18_02sc_notes_3/,https://ocw.mit.edu/courses/18-02sc-multivariable-calculus-fall-2010/38b6892f5294ed562cf3dedaf5b99ba4_MIT18_02SC_notes_3.pdf,fd0357d8388416aea71333e9ff3674801cc9171f9b02856a00ac113d4cd88b56
第08讲 平面方程.pdf,Session补充讲义/第08讲 平面方程.pdf,8,示例,42a8b344ffc58e1df8b56144d245fdf1_MIT18_02SC_we_7_comb.pdf,https://ocw.mit.edu/courses/18-02sc-multivariable-calculus-fall-2010/resources/mit18_02sc_we_7_comb/,https://ocw.mit.edu/courses/18-02sc-multivariable-calculus-fall-2010/42a8b344ffc58e1df8b56144d245fdf1_MIT18_02SC_we_7_comb.pdf,faced445bab99983f2718df25f37988fcd3db243c80b5931c6062e842deeab3d
第09讲 矩阵乘法 - 矩阵.pdf,Session补充讲义/第09讲 矩阵乘法 - 矩阵.pdf,9,阅读与示例,b50a14cc26e0e5ef6661e190ed2d5271_MIT18_02SC_MNotes_m1.pdf,https://ocw.mit.edu/courses/18-02sc-multivariable-calculus-fall-2010/resources/mit18_02sc_mnotes_m1/,https://ocw.mit.edu/courses/18-02sc-multivariable-calculus-fall-2010/b50a14cc26e0e5ef6661e190ed2d5271_MIT18_02SC_MNotes_m1.pdf,83cb005e03c34068629ea60e7fb48c0c292f3dede7fa1156c212a543f005006d
第10讲 矩阵乘法的意义.pdf,Session补充讲义/第10讲 矩阵乘法的意义.pdf,10,阅读与示例,e6f05e8dd95b31f2dc80fe3b5a6a955f_MIT18_02SC_notes_4.pdf,https://ocw.mit.edu/courses/18-02sc-multivariable-calculus-fall-2010/resources/mit18_02sc_notes_4/,https://ocw.mit.edu/courses/18-02sc-multivariable-calculus-fall-2010/e6f05e8dd95b31f2dc80fe3b5a6a955f_MIT18_02SC_notes_4.pdf,aa11b00e23342bcc81443d512f89b936634c2c5f68008e037865b96a1e920d44
第11讲 逆矩阵.pdf,Session补充讲义/第11讲 逆矩阵.pdf,11,阅读与示例,f1388eddd0f3047bcfd70cf5da379f78_MIT18_02SC_MNotes_m2.pdf,https://ocw.mit.edu/courses/18-02sc-multivariable-calculus-fall-2010/resources/mit18_02sc_mnotes_m2/,https://ocw.mit.edu/courses/18-02sc-multivariable-calculus-fall-2010/f1388eddd0f3047bcfd70cf5da379f78_MIT18_02SC_MNotes_m2.pdf,64d50376fd5cd02a2268fafb7fc1be4088a335efecaacaf131e905c6b2e050e4
第12讲 平面方程 II - 示例 2.pdf,Session补充讲义/第12讲 平面方程 II - 示例 2.pdf,12,资源索引补充,0768ecb704c18ede11fae15923c160f8_MIT18_02SC_notes_6.pdf,https://ocw.mit.edu/courses/18-02sc-multivariable-calculus-fall-2010/resources/mit18_02sc_notes_6/,https://ocw.mit.edu/courses/18-02sc-multivariable-calculus-fall-2010/0768ecb704c18ede11fae15923c160f8_MIT18_02SC_notes_6.pdf,d5bfbdf55764935253e78961b1ae73413748043b57087bb4ada326f9ab1a8d23
第12讲 平面方程 II.pdf,Session补充讲义/第12讲 平面方程 II.pdf,12,阅读与示例,581296ab1100fe5615fccb7ff2511530_MIT18_02SC_notes_5.pdf,https://ocw.mit.edu/courses/18-02sc-multivariable-calculus-fall-2010/resources/mit18_02sc_notes_5/,https://ocw.mit.edu/courses/18-02sc-multivariable-calculus-fall-2010/581296ab1100fe5615fccb7ff2511530_MIT18_02SC_notes_5.pdf,2b65947d2d9965d77fecda322401cec56e9b52b61ee0bdfb79edb5c564efb48f
第14讲 方阵方程组的解 - 线性方程组的解.pdf,Session补充讲义/第14讲 方阵方程组的解 - 线性方程组的解.pdf,14,示例,1d1fcad275ed0b19e92a87c455f08a42_MIT18_02SC_we_8_comb.pdf,https://ocw.mit.edu/courses/18-02sc-multivariable-calculus-fall-2010/resources/mit18_02sc_we_8_comb/,https://ocw.mit.edu/courses/18-02sc-multivariable-calculus-fall-2010/1d1fcad275ed0b19e92a87c455f08a42_MIT18_02SC_we_8_comb.pdf,32e963632d968daa27a02085347bd9e90b7f1bfd5995aeb7c44888577eecaea2
第15讲 直线方程 - 参数直线.pdf,Session补充讲义/第15讲 直线方程 - 参数直线.pdf,15,阅读与示例,cf83cf53826ae477eaeeb1caf05b1cab_MIT18_02SC_notes_8.pdf,https://ocw.mit.edu/courses/18-02sc-multivariable-calculus-fall-2010/resources/mit18_02sc_notes_8/,https://ocw.mit.edu/courses/18-02sc-multivariable-calculus-fall-2010/cf83cf53826ae477eaeeb1caf05b1cab_MIT18_02SC_notes_8.pdf,4536fabee2464e148f1511d4529cea679966deb43b2f79b5e791cba7b9e1bd69
第16讲 直线与平面的交点.pdf,Session补充讲义/第16讲 直线与平面的交点.pdf,16,示例,29d176356f6f118762bf32dbf0758b55_MIT18_02SC_we_9_comb.pdf,https://ocw.mit.edu/courses/18-02sc-multivariable-calculus-fall-2010/resources/mit18_02sc_we_9_comb/,https://ocw.mit.edu/courses/18-02sc-multivariable-calculus-fall-2010/29d176356f6f118762bf32dbf0758b55_MIT18_02SC_we_9_comb.pdf,bcc66a602b7c0fb1f692482699da4d01bb1984b21f43928e3453b4caba3f9bca
第17讲 一般参数方程：摆线 - 参数曲线.pdf,Session补充讲义/第17讲 一般参数方程：摆线 - 参数曲线.pdf,17,阅读与示例,2e7855c398972f7d5da123cae42a8290_MIT18_02SC_notes_9.pdf,https://ocw.mit.edu/courses/18-02sc-multivariable-calculus-fall-2010/resources/mit18_02sc_notes_9/,https://ocw.mit.edu/courses/18-02sc-multivariable-calculus-fall-2010/2e7855c398972f7d5da123cae42a8290_MIT18_02SC_notes_9.pdf,d95d1361addce57807d6973bf0b4ec5b73a243c9a914dc77d2921f48cd6b8289
第19讲 速度与加速度 - 向量导数的乘积法则.pdf,Session补充讲义/第19讲 速度与加速度 - 向量导数的乘积法则.pdf,19,示例,c529e257bc14aa65e365699bf9e3d787_MIT18_02SC_we_10_comb.pdf,https://ocw.mit.edu/courses/18-02sc-multivariable-calculus-fall-2010/resources/mit18_02sc_we_10_comb/,https://ocw.mit.edu/courses/18-02sc-multivariable-calculus-fall-2010/c529e257bc14aa65e365699bf9e3d787_MIT18_02SC_we_10_comb.pdf,91c77203f75c81cc120b909413e0ac518de31f57226ad34c49858054784e69d3
第19讲 速度与加速度.pdf,Session补充讲义/第19讲 速度与加速度.pdf,19,阅读与示例,f53b53c2dc7757c7445623020b135d4f_MIT18_02SC_notes_11.pdf,https://ocw.mit.edu/courses/18-02sc-multivariable-calculus-fall-2010/resources/mit18_02sc_notes_11/,https://ocw.mit.edu/courses/18-02sc-multivariable-calculus-fall-2010/f53b53c2dc7757c7445623020b135d4f_MIT18_02SC_notes_11.pdf,afc6bc536c6efd48b6802252eaf0adcf18fc6b3da10c1ecc3b838f55b6976ecc
第20讲 速度与弧长 - 速度、速率与弧长.pdf,Session补充讲义/第20讲 速度与弧长 - 速度、速率与弧长.pdf,20,示例,ace008d8cf89108aed83cdbc979159fd_MIT18_02SC_we_11_comb.pdf,https://ocw.mit.edu/courses/18-02sc-multivariable-calculus-fall-2010/resources/mit18_02sc_we_11_comb/,https://ocw.mit.edu/courses/18-02sc-multivariable-calculus-fall-2010/ace008d8cf89108aed83cdbc979159fd_MIT18_02SC_we_11_comb.pdf,3fe9b8c3381b7bac16baf107d887089878fcd66b77e4897b47c9f5f67cd35891
第25讲 等值线与等高线图.pdf,Session补充讲义/第25讲 等值线与等高线图.pdf,25,阅读与示例,d32be016df4d1bcf9c9e32cb109db15b_MIT18_02SC_notes_15.pdf,https://ocw.mit.edu/courses/18-02sc-multivariable-calculus-fall-2010/resources/mit18_02sc_notes_15/,https://ocw.mit.edu/courses/18-02sc-multivariable-calculus-fall-2010/d32be016df4d1bcf9c9e32cb109db15b_MIT18_02SC_notes_15.pdf,e5b2f4a541bef7f9f0a7a2b99ac4355d321a8d45906e3df2ec4c2ca1a9ba1037
第27讲 近似公式 - 非几何论证.pdf,Session补充讲义/第27讲 近似公式 - 非几何论证.pdf,27,阅读与示例,ff89ab81dc34627259fcf4dc45909f85_MIT18_02SC_MNotes_ta4.pdf,https://ocw.mit.edu/courses/18-02sc-multivariable-calculus-fall-2010/resources/mit18_02sc_mnotes_ta4/,https://ocw.mit.edu/courses/18-02sc-multivariable-calculus-fall-2010/ff89ab81dc34627259fcf4dc45909f85_MIT18_02SC_MNotes_ta4.pdf,0b92bed1f12a7290be178c874d2c9186ac46f711dec49b6943a5dd5e49d4c462
第27讲 近似公式 - 切线近似.pdf,Session补充讲义/第27讲 近似公式 - 切线近似.pdf,27,阅读与示例,b6e262891bdea6798c2017711129ef9d_MIT18_02SC_MNotes_ta2_3.pdf,https://ocw.mit.edu/courses/18-02sc-multivariable-calculus-fall-2010/resources/mit18_02sc_mnotes_ta2_3/,https://ocw.mit.edu/courses/18-02sc-multivariable-calculus-fall-2010/b6e262891bdea6798c2017711129ef9d_MIT18_02SC_MNotes_ta2_3.pdf,baf81fb434d8625f9cf4780185db91405e8aa4e3afc6e165173fa4decb6f6211
第27讲 近似公式 - 切线近似示例.pdf,Session补充讲义/第27讲 近似公式 - 切线近似示例.pdf,27,示例,0ea53ee5f57584e074bf15e632615930_MIT18_02SC_we_12_comb.pdf,https://ocw.mit.edu/courses/18-02sc-multivariable-calculus-fall-2010/resources/mit18_02sc_we_12_comb/,https://ocw.mit.edu/courses/18-02sc-multivariable-calculus-fall-2010/0ea53ee5f57584e074bf15e632615930_MIT18_02SC_we_12_comb.pdf,fcc5b6451264969cb93d3cfc62290ef013a2c6f4eb45b981cc0b327ab140a34b
第28讲 优化问题 - 临界点.pdf,Session补充讲义/第28讲 优化问题 - 临界点.pdf,28,阅读与示例,2df7f490fc5f1bd28d6e8fd391e9a964_MIT18_02SC_notes_16.pdf,https://ocw.mit.edu/courses/18-02sc-multivariable-calculus-fall-2010/resources/mit18_02sc_notes_16/,https://ocw.mit.edu/courses/18-02sc-multivariable-calculus-fall-2010/2df7f490fc5f1bd28d6e8fd391e9a964_MIT18_02SC_notes_16.pdf,5d5489591b503f663c7cb2237d911ec1422bbc7c2283fdbd15de9d51228404b3
第29讲 最小二乘法 - 最小二乘示例.pdf,Session补充讲义/第29讲 最小二乘法 - 最小二乘示例.pdf,29,示例,af07112aca18cb84b977de34011c0077_MIT18_02SC_we_13_comb.pdf,https://ocw.mit.edu/courses/18-02sc-multivariable-calculus-fall-2010/resources/mit18_02sc_we_13_comb/,https://ocw.mit.edu/courses/18-02sc-multivariable-calculus-fall-2010/af07112aca18cb84b977de34011c0077_MIT18_02SC_we_13_comb.pdf,4aa04abdfad80b93b6268c6796e35ce5487fca25d6f66908528991bd63cdb75b
第30讲 二阶导数判别法 - 示例.pdf,Session补充讲义/第30讲 二阶导数判别法 - 示例.pdf,30,示例,9c26765a95f72e9d2b317f6687b7e629_MIT18_02SC_we_14_comb.pdf,https://ocw.mit.edu/courses/18-02sc-multivariable-calculus-fall-2010/resources/mit18_02sc_we_14_comb/,https://ocw.mit.edu/courses/18-02sc-multivariable-calculus-fall-2010/9c26765a95f72e9d2b317f6687b7e629_MIT18_02SC_we_14_comb.pdf,53df4b8fd65c1e185b6ebfce9d8829506a763f3f4c617b329247de93a413fa53
第32讲 全微分与链式法则 - 示例.pdf,Session补充讲义/第32讲 全微分与链式法则 - 示例.pdf,32,示例,48c905ccf42b4e0d9284da8fc4897212_MIT18_02SC_we_15_comb.pdf,https://ocw.mit.edu/courses/18-02sc-multivariable-calculus-fall-2010/resources/mit18_02sc_we_15_comb/,https://ocw.mit.edu/courses/18-02sc-multivariable-calculus-fall-2010/48c905ccf42b4e0d9284da8fc4897212_MIT18_02SC_we_15_comb.pdf,b593f4238efa3b6db12cf522aaccfab6ba1f2d883373f2e6ada1deb1ff9497c5
第34讲 多变量链式法则 - 多变量示例.pdf,Session补充讲义/第34讲 多变量链式法则 - 多变量示例.pdf,34,示例,182a2e56a954224138f69e294748812b_MIT18_02SC_we_16_comb.pdf,https://ocw.mit.edu/courses/18-02sc-multivariable-calculus-fall-2010/resources/mit18_02sc_we_16_comb/,https://ocw.mit.edu/courses/18-02sc-multivariable-calculus-fall-2010/182a2e56a954224138f69e294748812b_MIT18_02SC_we_16_comb.pdf,1d8bb04739c75dc93e382684680e75b861f7202da55c2f08a5c1b654e529379a
第34讲 多变量链式法则 - 链式法则.pdf,Session补充讲义/第34讲 多变量链式法则 - 链式法则.pdf,34,阅读与示例,95e0a67b5970599a87a98dd4b47200b3_MIT18_02SC_notes_17.pdf,https://ocw.mit.edu/courses/18-02sc-multivariable-calculus-fall-2010/resources/mit18_02sc_notes_17/,https://ocw.mit.edu/courses/18-02sc-multivariable-calculus-fall-2010/95e0a67b5970599a87a98dd4b47200b3_MIT18_02SC_notes_17.pdf,f8efdeb80ea83f534916881713e2298edf68cd02c7dc7c08227337b9a29df568
第35讲 梯度：定义与垂直性质.pdf,Session补充讲义/第35讲 梯度：定义与垂直性质.pdf,35,阅读与示例,6d4f46e89733b7291f86a22882aa2311_MIT18_02SC_notes_18.pdf,https://ocw.mit.edu/courses/18-02sc-multivariable-calculus-fall-2010/resources/mit18_02sc_notes_18/,https://ocw.mit.edu/courses/18-02sc-multivariable-calculus-fall-2010/6d4f46e89733b7291f86a22882aa2311_MIT18_02SC_notes_18.pdf,63ce4c7f85e0f4af3c4e70b5a48531fd0767ba6a65e138e405172b67f5e054c8
第37讲 梯度示例 - 用梯度求切平面方程.pdf,Session补充讲义/第37讲 梯度示例 - 用梯度求切平面方程.pdf,37,示例,5ac021982a142a1524d3200d2659fe57_MIT18_02SC_we_17_comb.pdf,https://ocw.mit.edu/courses/18-02sc-multivariable-calculus-fall-2010/resources/mit18_02sc_we_17_comb/,https://ocw.mit.edu/courses/18-02sc-multivariable-calculus-fall-2010/5ac021982a142a1524d3200d2659fe57_MIT18_02SC_we_17_comb.pdf,9ca9d729aea91af68d0bdb228056bc3b761fbcb0b0194057b74c88d80e5e0b56
第38讲 方向导数.pdf,Session补充讲义/第38讲 方向导数.pdf,38,阅读与示例,94a05e4b48d9481a4b9dbdef0d5d86d7_MIT18_02SC_notes_20.pdf,https://ocw.mit.edu/courses/18-02sc-multivariable-calculus-fall-2010/resources/mit18_02sc_notes_20/,https://ocw.mit.edu/courses/18-02sc-multivariable-calculus-fall-2010/94a05e4b48d9481a4b9dbdef0d5d86d7_MIT18_02SC_notes_20.pdf,45c2a33f778212ac2f203c46b335b6af12496986afb53d065b5c4cd822e62fb9
第39讲 拉格朗日乘数法：陈述与示例.pdf,Session补充讲义/第39讲 拉格朗日乘数法：陈述与示例.pdf,39,阅读与示例,d97c53ed0a6734b4bc266478fe6423c1_MIT18_02SC_notes_21.pdf,https://ocw.mit.edu/courses/18-02sc-multivariable-calculus-fall-2010/resources/mit18_02sc_notes_21/,https://ocw.mit.edu/courses/18-02sc-multivariable-calculus-fall-2010/d97c53ed0a6734b4bc266478fe6423c1_MIT18_02SC_notes_21.pdf,199f6de8364336c0d19514d7469d060d4c63785f83289f3450d5192d4ec7f0fb
第42讲 约束微分 - 非独立变量.pdf,Session补充讲义/第42讲 约束微分 - 非独立变量.pdf,42,示例,182461fdd6c5687262a711810904db32_MIT18_02SC_we_18_comb.pdf,https://ocw.mit.edu/courses/18-02sc-multivariable-calculus-fall-2010/resources/mit18_02sc_we_18_comb/,https://ocw.mit.edu/courses/18-02sc-multivariable-calculus-fall-2010/182461fdd6c5687262a711810904db32_MIT18_02SC_we_18_comb.pdf,29d5b3afa0da4c1fac588c79bcbd49b9091ac5705c04ae0881d219b297711605
第43讲 更清晰的记号 - 非独立变量.pdf,Session补充讲义/第43讲 更清晰的记号 - 非独立变量.pdf,43,阅读与示例,e8bfec88100214ac350534e295633ca5_MIT18_02SC_MNotes_n1_2.pdf,https://ocw.mit.edu/courses/18-02sc-multivariable-calculus-fall-2010/resources/mit18_02sc_mnotes_n1_2/,https://ocw.mit.edu/courses/18-02sc-multivariable-calculus-fall-2010/e8bfec88100214ac350534e295633ca5_MIT18_02SC_MNotes_n1_2.pdf,ff7d3aee4556be93a426589d565fd30c35c96601962d8203d8cb2c0a6656100a
第43讲 更清晰的记号 - 附加示例.pdf,Session补充讲义/第43讲 更清晰的记号 - 附加示例.pdf,43,资源索引补充,ab0c0ef91fd30539282a3fd2477abdf0_MIT18_02SC_MNotes_n3.pdf,https://ocw.mit.edu/courses/18-02sc-multivariable-calculus-fall-2010/resources/mit18_02sc_mnotes_n3/,https://ocw.mit.edu/courses/18-02sc-multivariable-calculus-fall-2010/ab0c0ef91fd30539282a3fd2477abdf0_MIT18_02SC_MNotes_n3.pdf,3e0446177ac3e7bb96037d0111889ed18789e3df8f737bc0cb169e3ed21d7750
第47讲 二重积分的定义.pdf,Session补充讲义/第47讲 二重积分的定义.pdf,47,阅读与示例,6e4a3ff68be72d26d3c70d8ea7347331_MIT18_02SC_notes_23.pdf,https://ocw.mit.edu/courses/18-02sc-multivariable-calculus-fall-2010/resources/mit18_02sc_notes_23/,https://ocw.mit.edu/courses/18-02sc-multivariable-calculus-fall-2010/6e4a3ff68be72d26d3c70d8ea7347331_MIT18_02SC_notes_23.pdf,d1067271346b6752bd472ba34e7e526d6f38e9b55f022724ee779eabf6b4ef02
第48讲 二重积分示例 - 确定积分限.pdf,Session补充讲义/第48讲 二重积分示例 - 确定积分限.pdf,48,示例,864f1462d06a5bde74c2fac6d93dabbd_MIT18_02SC_we_19_comb.pdf,https://ocw.mit.edu/courses/18-02sc-multivariable-calculus-fall-2010/resources/mit18_02sc_we_19_comb/,https://ocw.mit.edu/courses/18-02sc-multivariable-calculus-fall-2010/864f1462d06a5bde74c2fac6d93dabbd_MIT18_02SC_we_19_comb.pdf,93aa242818e0a4cce731e738efcd97e1eee3c03c797f350de39b9a95091e1818
第49讲 交换积分次序.pdf,Session补充讲义/第49讲 交换积分次序.pdf,49,示例,66d49509fdfe1afe1bb0fbc41dda93c7_MIT18_02SC_we_20_comb.pdf,https://ocw.mit.edu/courses/18-02sc-multivariable-calculus-fall-2010/resources/mit18_02sc_we_20_comb/,https://ocw.mit.edu/courses/18-02sc-multivariable-calculus-fall-2010/66d49509fdfe1afe1bb0fbc41dda93c7_MIT18_02SC_we_20_comb.pdf,e62cb4b1236f132ce5144d409e4a6deb0e4c2d86b7744416bd1705b764141505
第50讲 极坐标下的二重积分.pdf,Session补充讲义/第50讲 极坐标下的二重积分.pdf,50,阅读与示例,ccaae11972cfc4c1987bcceffa660728_MIT18_02SC_notes_24.pdf,https://ocw.mit.edu/courses/18-02sc-multivariable-calculus-fall-2010/resources/mit18_02sc_notes_24/,https://ocw.mit.edu/courses/18-02sc-multivariable-calculus-fall-2010/ccaae11972cfc4c1987bcceffa660728_MIT18_02SC_notes_24.pdf,26db37476d3109332c1548af2873a7e7ab3da454d568e57682c98dd6fd1a5423
第51讲 应用：质量与平均值.pdf,Session补充讲义/第51讲 应用：质量与平均值.pdf,51,阅读与示例,e152e02449626d11188cbb6f42e37d5f_MIT18_02SC_notes_25.pdf,https://ocw.mit.edu/courses/18-02sc-multivariable-calculus-fall-2010/resources/mit18_02sc_notes_25/,https://ocw.mit.edu/courses/18-02sc-multivariable-calculus-fall-2010/e152e02449626d11188cbb6f42e37d5f_MIT18_02SC_notes_25.pdf,7935ba7a74f3f524a403daf9c290f108b2cdf9fdbe44e9db683bcba214878a4e
第52讲 应用：转动惯量.pdf,Session补充讲义/第52讲 应用：转动惯量.pdf,52,阅读与示例,a007cb2572c17b9bcfdcfae148902da4_MIT18_02SC_notes_26.pdf,https://ocw.mit.edu/courses/18-02sc-multivariable-calculus-fall-2010/resources/mit18_02sc_notes_26/,https://ocw.mit.edu/courses/18-02sc-multivariable-calculus-fall-2010/a007cb2572c17b9bcfdcfae148902da4_MIT18_02SC_notes_26.pdf,dee28100750f8b7bb441603653bb0b630df9ee35f2acbd03ee7d71a90854cf3d
第53讲 换元 - 多重积分换元.pdf,Session补充讲义/第53讲 换元 - 多重积分换元.pdf,53,阅读与示例,53cab862607d9ad1abdab1a10013be9e_MIT18_02SC_MNotes_cv1.pdf,https://ocw.mit.edu/courses/18-02sc-multivariable-calculus-fall-2010/resources/mit18_02sc_mnotes_cv1/,https://ocw.mit.edu/courses/18-02sc-multivariable-calculus-fall-2010/53cab862607d9ad1abdab1a10013be9e_MIT18_02SC_MNotes_cv1.pdf,9878fa8481e0892f8b83a60776aa9ff835f6644f2726cdea69bba0d572d98a40
第55讲 换元示例 - 确定积分限.pdf,Session补充讲义/第55讲 换元示例 - 确定积分限.pdf,55,阅读与示例,19b2302794abe47e60c51e6a7537eef9_MIT18_02SC_MNotes_cv3.pdf,https://ocw.mit.edu/courses/18-02sc-multivariable-calculus-fall-2010/resources/mit18_02sc_mnotes_cv3/,https://ocw.mit.edu/courses/18-02sc-multivariable-calculus-fall-2010/19b2302794abe47e60c51e6a7537eef9_MIT18_02SC_MNotes_cv3.pdf,d4f8c92b5f45fb33ccc3b01d1dee9bc3b9f453de2278782bfca7266e403143a7
第56讲 向量场 - 平面向量场.pdf,Session补充讲义/第56讲 向量场 - 平面向量场.pdf,56,阅读与示例,1a6e16c878eb5aa8b580fe021dfa7f3d_MIT18_02SC_MNotes_v1.pdf,https://ocw.mit.edu/courses/18-02sc-multivariable-calculus-fall-2010/resources/mit18_02sc_mnotes_v1/,https://ocw.mit.edu/courses/18-02sc-multivariable-calculus-fall-2010/1a6e16c878eb5aa8b580fe021dfa7f3d_MIT18_02SC_MNotes_v1.pdf,283582d5a0025da17abfb3e0fa5f813525d39eec7bb95d9e1a17288b4c05e366
第57讲 功与线积分.pdf,Session补充讲义/第57讲 功与线积分.pdf,57,阅读与示例,6facab84c409b0acb65aaea786f31652_MIT18_02SC_notes_27.pdf,https://ocw.mit.edu/courses/18-02sc-multivariable-calculus-fall-2010/resources/mit18_02sc_notes_27/,https://ocw.mit.edu/courses/18-02sc-multivariable-calculus-fall-2010/6facab84c409b0acb65aaea786f31652_MIT18_02SC_notes_27.pdf,759320fe8af1613e9128c872a8d613ec502fc91d95f15bcbd5dcfbde5c1747ce
第62讲 梯度场.pdf,Session补充讲义/第62讲 梯度场.pdf,62,阅读与示例,3a1b52c21f342f3dcbea16e8cb2f2824_MIT18_02SC_MNotes_v2.1.pdf,https://ocw.mit.edu/courses/18-02sc-multivariable-calculus-fall-2010/resources/mit18_02sc_mnotes_v2-1/,https://ocw.mit.edu/courses/18-02sc-multivariable-calculus-fall-2010/3a1b52c21f342f3dcbea16e8cb2f2824_MIT18_02SC_MNotes_v2.1.pdf,36a8b7cea88eef33e35a2e362dd93acb6937dbf8463d08225f08e236eccf4ab0
第63讲 势函数 - 势函数与恰当微分.pdf,Session补充讲义/第63讲 势函数 - 势函数与恰当微分.pdf,63,阅读与示例,70f8f44ba6127dec10b5763fbbddd7f2_MIT18_02SC_MNotes_v2.2to3.pdf,https://ocw.mit.edu/courses/18-02sc-multivariable-calculus-fall-2010/resources/mit18_02sc_mnotes_v2-2to3/,https://ocw.mit.edu/courses/18-02sc-multivariable-calculus-fall-2010/70f8f44ba6127dec10b5763fbbddd7f2_MIT18_02SC_MNotes_v2.2to3.pdf,8ea06d623d234237feb89663301eb9c253eea13d55e1c131bba0ceb4fe8bc909
第65讲 格林定理 - 格林定理的应用.pdf,Session补充讲义/第65讲 格林定理 - 格林定理的应用.pdf,65,示例,8f10304f6994358da7a246128030bf41_MIT18_02SC_we_65_comb.pdf,https://ocw.mit.edu/courses/18-02sc-multivariable-calculus-fall-2010/resources/mit18_02sc_we_65_comb/,https://ocw.mit.edu/courses/18-02sc-multivariable-calculus-fall-2010/8f10304f6994358da7a246128030bf41_MIT18_02SC_we_65_comb.pdf,fe157684c92879aa7ca2cbcc1180ca285aa98544b4145e1eded643d1519381f2
第68讲 求积仪：格林定理与面积 - 用线积分求面积.pdf,Session补充讲义/第68讲 求积仪：格林定理与面积 - 用线积分求面积.pdf,68,示例,655c095c066cee478027d815328d38a9_MIT18_02SC_we_68_comb.pdf,https://ocw.mit.edu/courses/18-02sc-multivariable-calculus-fall-2010/resources/mit18_02sc_we_68_comb/,https://ocw.mit.edu/courses/18-02sc-multivariable-calculus-fall-2010/655c095c066cee478027d815328d38a9_MIT18_02SC_we_68_comb.pdf,57dd3d5028f746a0261b056f71453e835043709b79ff88f6635c76fd03d5793b
第69讲 二维通量.pdf,Session补充讲义/第69讲 二维通量.pdf,69,阅读与示例,d4d8e457e8dd0c8c92f24234b52e87ae_MIT18_02SC_MNotes_v3.pdf,https://ocw.mit.edu/courses/18-02sc-multivariable-calculus-fall-2010/resources/mit18_02sc_mnotes_v3/,https://ocw.mit.edu/courses/18-02sc-multivariable-calculus-fall-2010/d4d8e457e8dd0c8c92f24234b52e87ae_MIT18_02SC_MNotes_v3.pdf,6e441265c93c558125363e30ca345c132e8582b36eebd990a786fce65fd77aad
第70讲 格林定理的法向量形式 - 验证示例.pdf,Session补充讲义/第70讲 格林定理的法向量形式 - 验证示例.pdf,70,示例,c97542e5cf23fa96ce8f8cb93b576aa6_MIT18_02SC_we_70_comb.pdf,https://ocw.mit.edu/courses/18-02sc-multivariable-calculus-fall-2010/resources/mit18_02sc_we_70_comb/,https://ocw.mit.edu/courses/18-02sc-multivariable-calculus-fall-2010/c97542e5cf23fa96ce8f8cb93b576aa6_MIT18_02SC_we_70_comb.pdf,5fd6d7b882953f0d982640c5e81186cc2cfbed664d149886feb5e30926024fa5
第71讲 推广的格林定理：多段边界 - 示例.pdf,Session补充讲义/第71讲 推广的格林定理：多段边界 - 示例.pdf,71,示例,a241cf9e8bc16a36763e9326ace52f4d_MIT18_02SC_we_71_comb.pdf,https://ocw.mit.edu/courses/18-02sc-multivariable-calculus-fall-2010/resources/mit18_02sc_we_71_comb/,https://ocw.mit.edu/courses/18-02sc-multivariable-calculus-fall-2010/a241cf9e8bc16a36763e9326ace52f4d_MIT18_02SC_we_71_comb.pdf,b299b53caaa74cbdb3555a89744d7c28430d54d867a51b1722caa0872cb2637b
第74讲 三重积分：直角坐标与柱坐标 - 示例.pdf,Session补充讲义/第74讲 三重积分：直角坐标与柱坐标 - 示例.pdf,74,示例,d534aed46d7a83771952c51bf39d6a76_MIT18_02SC_we_74_comb.pdf,https://ocw.mit.edu/courses/18-02sc-multivariable-calculus-fall-2010/resources/mit18_02sc_we_74_comb/,https://ocw.mit.edu/courses/18-02sc-multivariable-calculus-fall-2010/d534aed46d7a83771952c51bf39d6a76_MIT18_02SC_we_74_comb.pdf,6a925bd40cfd2b48a2a4717f17ed268f6c9dce0230d9b8b1bde444411a3e36b5
第77讲 球坐标下的三重积分 - 示例.pdf,Session补充讲义/第77讲 球坐标下的三重积分 - 示例.pdf,77,示例,e5abac263b02c6e666c05a49cc3ee8b2_MIT18_02SC_we_77_comb.pdf,https://ocw.mit.edu/courses/18-02sc-multivariable-calculus-fall-2010/resources/mit18_02sc_we_77_comb/,https://ocw.mit.edu/courses/18-02sc-multivariable-calculus-fall-2010/e5abac263b02c6e666c05a49cc3ee8b2_MIT18_02SC_we_77_comb.pdf,dc5b7e6a3628583a74df87d49910a19a43c216405bf6611abcd1488bb5d762bf
第78讲 应用：万有引力.pdf,Session补充讲义/第78讲 应用：万有引力.pdf,78,示例,cf87cdd1410bb969d0fd86a598dbe0bb_MIT18_02SC_MNotes_g.pdf,https://ocw.mit.edu/courses/18-02sc-multivariable-calculus-fall-2010/resources/mit18_02sc_mnotes_g/,https://ocw.mit.edu/courses/18-02sc-multivariable-calculus-fall-2010/cf87cdd1410bb969d0fd86a598dbe0bb_MIT18_02SC_MNotes_g.pdf,8a678b46d235ad4dce0291d9f8ae55ac3aca22429b4c1ba1df903253c6e8a85d
第79讲 空间中的向量场.pdf,Session补充讲义/第79讲 空间中的向量场.pdf,79,阅读与示例,1ef7e2edb520f01cab5bf31d4053c8c4_MIT18_02SC_MNotes_v8.pdf,https://ocw.mit.edu/courses/18-02sc-multivariable-calculus-fall-2010/resources/mit18_02sc_mnotes_v8/,https://ocw.mit.edu/courses/18-02sc-multivariable-calculus-fall-2010/1ef7e2edb520f01cab5bf31d4053c8c4_MIT18_02SC_MNotes_v8.pdf,0d2d357f25db9f85034028e4619359f42a11865a0f5857e29014b170d9e1e16f
第81讲 计算通量与 ndS - 圆柱和球面的通量.pdf,Session补充讲义/第81讲 计算通量与 ndS - 圆柱和球面的通量.pdf,81,阅读与示例,be1349a499cdcb2d7be2e99ddee7359c_MIT18_02SC_MNotes_v9.2.pdf,https://ocw.mit.edu/courses/18-02sc-multivariable-calculus-fall-2010/resources/mit18_02sc_mnotes_v9-2/,https://ocw.mit.edu/courses/18-02sc-multivariable-calculus-fall-2010/be1349a499cdcb2d7be2e99ddee7359c_MIT18_02SC_MNotes_v9.2.pdf,6613fbbb837660e014b74e72bb207b69bf999961433d6ce60d706bf7db8cdeb4
"第82讲 曲面 z=f(x,y) 的 ndS - 一般曲面的通量.pdf","Session补充讲义/第82讲 曲面 z=f(x,y) 的 ndS - 一般曲面的通量.pdf",82,阅读与示例,b9ba75cb22dfa18f5976d78bb016ddc7_MIT18_02SC_MNotes_v9.3to4.pdf,https://ocw.mit.edu/courses/18-02sc-multivariable-calculus-fall-2010/resources/mit18_02sc_mnotes_v9-3to4/,https://ocw.mit.edu/courses/18-02sc-multivariable-calculus-fall-2010/b9ba75cb22dfa18f5976d78bb016ddc7_MIT18_02SC_MNotes_v9.3to4.pdf,3ca39415831ad893a2bb963c04e64c3c2407f494f6e43ca69dff391a622945dc
第83讲 求 ndS 的其他方法 - 一般公式.pdf,Session补充讲义/第83讲 求 ndS 的其他方法 - 一般公式.pdf,83,资源索引补充,b00361f92e5f01a9cf6362a1f38c44ed_MIT18_02SC_we_83_comb.pdf,https://ocw.mit.edu/courses/18-02sc-multivariable-calculus-fall-2010/resources/mit18_02sc_we_83_comb/,https://ocw.mit.edu/courses/18-02sc-multivariable-calculus-fall-2010/b00361f92e5f01a9cf6362a1f38c44ed_MIT18_02SC_we_83_comb.pdf,56d30a2a6ab42e364164e4a33e3fe3be0da9d2a318e9f16c4d6b6db9afd33b86
第84讲 散度定理.pdf,Session补充讲义/第84讲 散度定理.pdf,84,阅读与示例,9c15c202ca57e69f25a98a0c76b2fb8b_MIT18_02SC_MNotes_v10.1.pdf,https://ocw.mit.edu/courses/18-02sc-multivariable-calculus-fall-2010/resources/mit18_02sc_mnotes_v10-1/,https://ocw.mit.edu/courses/18-02sc-multivariable-calculus-fall-2010/9c15c202ca57e69f25a98a0c76b2fb8b_MIT18_02SC_MNotes_v10.1.pdf,5f420ace64e217f6febd38b4c8f8f567c2fee7d3b27147c9ba9fa299a20202c7
第88讲 空间中的线积分.pdf,Session补充讲义/第88讲 空间中的线积分.pdf,88,阅读与示例,6fff06c9bb0a38f76f9cd2015798f8ed_MIT18_02SC_MNotes_v11.pdf,https://ocw.mit.edu/courses/18-02sc-multivariable-calculus-fall-2010/resources/mit18_02sc_mnotes_v11/,https://ocw.mit.edu/courses/18-02sc-multivariable-calculus-fall-2010/6fff06c9bb0a38f76f9cd2015798f8ed_MIT18_02SC_MNotes_v11.pdf,ca165762fee54a3532ff008f212c4541f8a702ed3ec0fe575c723cce88b98e65
第89讲 梯度场与势函数 - 空间中的梯度场.pdf,Session补充讲义/第89讲 梯度场与势函数 - 空间中的梯度场.pdf,89,阅读与示例,b30cc37bba576d91d0c9c60dd7368b16_MIT18_02SC_MNotes_v12.pdf,https://ocw.mit.edu/courses/18-02sc-multivariable-calculus-fall-2010/resources/mit18_02sc_mnotes_v12/,https://ocw.mit.edu/courses/18-02sc-multivariable-calculus-fall-2010/b30cc37bba576d91d0c9c60dd7368b16_MIT18_02SC_MNotes_v12.pdf,0e64b159b2a560671a9bd6e8ca6c787b13059858d99a296e3035b6e75eb90cdf
第90讲 三维旋度 - 保守场判别示例.pdf,Session补充讲义/第90讲 三维旋度 - 保守场判别示例.pdf,90,示例,9af9200acf4862e5548d81ef8333888e_MIT18_02SC_we_90_comb.pdf,https://ocw.mit.edu/courses/18-02sc-multivariable-calculus-fall-2010/resources/mit18_02sc_we_90_comb/,https://ocw.mit.edu/courses/18-02sc-multivariable-calculus-fall-2010/9af9200acf4862e5548d81ef8333888e_MIT18_02SC_we_90_comb.pdf,e931f850ec74912197c049fc3492ec1b17db7d7ba1145033ce594db4b65ee2f3
第90讲 三维旋度 - 旋度的物理意义.pdf,Session补充讲义/第90讲 三维旋度 - 旋度的物理意义.pdf,90,阅读与示例,d18774dd8a3f24001bf3d502fef7f854_MIT18_02SC_MNotes_v4.3.pdf,https://ocw.mit.edu/courses/18-02sc-multivariable-calculus-fall-2010/resources/mit18_02sc_mnotes_v4-3/,https://ocw.mit.edu/courses/18-02sc-multivariable-calculus-fall-2010/d18774dd8a3f24001bf3d502fef7f854_MIT18_02SC_MNotes_v4.3.pdf,28add48510495f39701cf761f375d34257bf3fc6c522f862c640a6b6fe643f54
第91讲 斯托克斯定理.pdf,Session补充讲义/第91讲 斯托克斯定理.pdf,91,阅读与示例,9b8d5f9febf584d850891f631393a87c_MIT18_02SC_MNotes_v13.1to2.pdf,https://ocw.mit.edu/courses/18-02sc-multivariable-calculus-fall-2010/resources/mit18_02sc_mnotes_v13-1to2/,https://ocw.mit.edu/courses/18-02sc-multivariable-calculus-fall-2010/9b8d5f9febf584d850891f631393a87c_MIT18_02SC_MNotes_v13.1to2.pdf,f940ded49199510b18280c7163a8c1c6d614353d99e77291f53353fec628d5cb
第93讲 斯托克斯定理示例 - 推广形式.pdf,Session补充讲义/第93讲 斯托克斯定理示例 - 推广形式.pdf,93,示例,42094c74b7c37bdb4a6e42c79997f0ba_MIT18_02SC_we_93_comb.pdf,https://ocw.mit.edu/courses/18-02sc-multivariable-calculus-fall-2010/resources/mit18_02sc_we_93_comb/,https://ocw.mit.edu/courses/18-02sc-multivariable-calculus-fall-2010/42094c74b7c37bdb4a6e42c79997f0ba_MIT18_02SC_we_93_comb.pdf,2a24c19c035c2b16cd901f767a40ea0d4482f21d2230b33eecd782fe8cbaac19
